{"version": 2, "width": 150, "height": 45, "timestamp": 1531332355, "env": {"SHELL": "/bin/bash", "TERM": "xterm-256color"}}
[0.031487, "o", "\u001b]777;notify;Command completed;bitcoin-cli -regtest stop\u0007\u001b]0;user@work:~/Documents/wrk/UNIC/my.COMP-541/recs\u0007\u001b]7;file://work/home/user/Documents/wrk/UNIC/my.COMP-541/recs\u0007"]
[0.032208, "o", "[user@work recs]$ "]
[1.365077, "o", "b"]
[1.55047, "o", "i"]
[1.704215, "o", "t"]
[1.963977, "o", "c"]
[2.064478, "o", "o"]
[2.134167, "o", "i"]
[2.206593, "o", "n"]
[2.344784, "o", "d"]
[2.686337, "o", " "]
[2.9216, "o", "-"]
[3.736101, "o", "r"]
[3.828001, "o", "e"]
[3.990304, "o", "g"]
[4.291651, "o", "e"]
[4.50308, "o", "s"]
[4.56652, "o", "t"]
[4.964744, "o", "\b\u001b[K"]
[5.134965, "o", "\b\u001b[K"]
[5.279569, "o", "\b\u001b[K"]
[5.365318, "o", "t"]
[5.427775, "o", "e"]
[5.541811, "o", "s"]
[5.626527, "o", "t"]
[6.075219, "o", " "]
[6.818139, "o", "&"]
[7.347985, "o", "\r\n[1] 11954\r\n"]
[7.351106, "o", "\u001b]777;notify;Command completed;bitcoind -regtest &\u0007\u001b]0;user@work:~/Documents/wrk/UNIC/my.COMP-541/recs\u0007\u001b]7;file://work/home/user/Documents/wrk/UNIC/my.COMP-541/recs\u0007[user@work recs]$ "]
[8.648559, "o", "b"]
[8.782956, "o", "i"]
[8.901277, "o", "t"]
[9.143686, "o", "c"]
[9.334452, "o", "o"]
[9.388305, "o", "i"]
[9.489777, "o", "n"]
[10.405776, "o", "-"]
[10.777245, "o", "c"]
[10.921458, "o", "l"]
[11.023094, "o", "i"]
[11.224416, "o", " "]
[11.433635, "o", "-"]
[11.611947, "o", "r"]
[11.704115, "o", "e"]
[11.941226, "o", "g"]
[12.244848, "o", "t"]
[12.33066, "o", "e"]
[12.513524, "o", "s"]
[12.631434, "o", "t"]
[13.260592, "o", " "]
[13.442675, "o", "g"]
[13.544562, "o", "e"]
[13.734358, "o", "t"]
[14.358189, "o", "n"]
[14.434082, "o", "e"]
[14.50425, "o", "w"]
[14.912646, "o", "a"]
[15.117271, "o", "d"]
[15.287677, "o", "d"]
[15.484628, "o", "r"]
[15.547124, "o", "e"]
[15.771557, "o", "s"]
[15.917184, "o", "s"]
[16.853844, "o", "\r\n"]
[16.882467, "o", "2NDAto5E1i3Kx2y9hgx5goo78EbUgZ5MN5f\r\n"]
[16.886188, "o", "\u001b]777;notify;Command completed;bitcoin-cli -regtest getnewaddress\u0007\u001b]0;user@work:~/Documents/wrk/UNIC/my.COMP-541/recs\u0007\u001b]7;file://work/home/user/Documents/wrk/UNIC/my.COMP-541/recs\u0007"]
[16.886518, "o", "[user@work recs]$ "]
[22.673965, "o", "bitcoin-cli -regtest getnewaddress"]
[22.782452, "o", " "]
[23.991293, "o", "\""]
[24.262598, "o", "\""]
[25.231963, "o", " "]
[25.619184, "o", "p"]
[25.742145, "o", "2"]
[26.183471, "o", "s"]
[26.303818, "o", "h"]
[26.569452, "o", "-"]
[26.948553, "o", "s"]
[27.004127, "o", "e"]
[27.379693, "o", "g"]
[27.784684, "o", "w"]
[27.930996, "o", "i"]
[28.060519, "o", "t"]
[28.702884, "o", "\r\n"]
[28.732747, "o", "2N9JReWp29Kjqnxqx2KT3rSwS31EtnwEoEf\r\n"]
[28.736218, "o", "\u001b]777;notify;Command completed;bitcoin-cli -regtest getnewaddress \"\" p2sh-segwit\u0007\u001b]0;user@work:~/Documents/wrk/UNIC/my.COMP-541/recs\u0007\u001b]7;file://work/home/user/Documents/wrk/UNIC/my.COMP-541/recs\u0007"]
[28.736473, "o", "[user@work recs]$ "]
[31.224404, "o", "bitcoin-cli -regtest getnewaddress \"\" p2sh-segwit"]
[31.758847, "o", "\b\u001b[K"]
[32.261334, "o", "\b\u001b[K"]
[32.310399, "o", "\b\u001b[K"]
[32.360499, "o", "\b\u001b[K"]
[32.411626, "o", "\b\u001b[K"]
[32.462759, "o", "\b\u001b[K"]
[32.512688, "o", "\b\u001b[K"]
[32.563237, "o", "\b\u001b[K"]
[32.615207, "o", "\b\u001b[K"]
[32.665318, "o", "\b\u001b[K"]
[32.717386, "o", "\b\u001b[K"]
[32.965231, "o", "\b\u001b[K"]
[35.142027, "o", "\r\n"]
[35.176486, "o", "2N6zjSb9Y7bHc78E6E82jx7e2pjtVdw5eHB\r\n"]
[35.180556, "o", "\u001b]777;notify;Command completed;bitcoin-cli -regtest getnewaddress \"\"\u0007\u001b]0;user@work:~/Documents/wrk/UNIC/my.COMP-541/recs\u0007\u001b]7;file://work/home/user/Documents/wrk/UNIC/my.COMP-541/recs\u0007"]
[35.180817, "o", "[user@work recs]$ "]
[37.156905, "o", "bitcoin-cli -regtest getnewaddress \"\""]
[38.249192, "o", " "]
[38.672199, "o", "l"]
[38.789967, "o", "e"]
[39.041627, "o", "g"]
[39.14167, "o", "a"]
[39.555655, "o", "c"]
[40.406745, "o", "y"]
[42.16339, "o", "\r\n"]
[42.193012, "o", "mo7RHRBZPiXUtSFnBdRekygFyyYXRDswjC\r\n"]
[42.196464, "o", "\u001b]777;notify;Command completed;bitcoin-cli -regtest getnewaddress \"\" legacy\u0007\u001b]0;user@work:~/Documents/wrk/UNIC/my.COMP-541/recs\u0007\u001b]7;file://work/home/user/Documents/wrk/UNIC/my.COMP-541/recs\u0007[user@work recs]$ "]
[44.268304, "o", "b"]
[44.386099, "o", "i"]
[44.507128, "o", "t"]
[44.701601, "o", "c"]
[44.742191, "o", "o"]
[44.81945, "o", "i"]
[44.873909, "o", "n"]
[45.088685, "o", "-"]
[45.37336, "o", "c"]
[45.474517, "o", "l"]
[45.554753, "o", "i"]
[45.681014, "o", " "]
[45.821939, "o", "-"]
[46.103657, "o", "r"]
[46.197662, "o", "e"]
[46.350802, "o", "g"]
[46.661309, "o", "t"]
[46.763067, "o", "e"]
[46.952955, "o", "s"]
[47.01842, "o", "t"]
[47.487503, "o", " "]
[47.660524, "o", "g"]
[47.926062, "o", "e"]
[48.06765, "o", "t"]
[48.582356, "o", "n"]
[48.654548, "o", "e"]
[48.721641, "o", "w"]
[49.048135, "o", "a"]
[49.238877, "o", "d"]
[49.399677, "o", "d"]
[49.593816, "o", "r"]
[49.656493, "o", "e"]
[49.837502, "o", "s"]
[49.99492, "o", "s"]
[50.269462, "o", " "]
[50.626961, "o", "\""]
[50.833015, "o", "\""]
[51.540965, "o", " "]
[51.789274, "o", "b"]
[51.868061, "o", "e"]
[52.09462, "o", "c"]
[52.383668, "o", "h"]
[53.187271, "o", "3"]
[53.249647, "o", "2"]
[55.132636, "o", "\r\n"]
[55.161397, "o", "bcrt1q9yuu4tmk53v9d5hn6df0vfappfspv65457tr9w\r\n"]
[55.165219, "o", "\u001b]777;notify;Command completed;bitcoin-cli -regtest getnewaddress \"\" bech32\u0007\u001b]0;user@work:~/Documents/wrk/UNIC/my.COMP-541/recs\u0007\u001b]7;file://work/home/user/Documents/wrk/UNIC/my.COMP-541/recs\u0007"]
[55.165493, "o", "[user@work recs]$ "]
[58.539695, "o", "exit\r\n"]
