{"version": 2, "width": 130, "height": 35, "timestamp": 1549275156, "env": {"SHELL": "/bin/bash", "TERM": "xterm-256color"}}
[0.030506, "o", "\u001b]777;notify;Command completed;evm --debug run evm_simple.asm \u0007\u001b]0;user@work:~/Documents/wrk/UNIC/myCOMP-541_handson/recs\u0007\u001b]7;file://work/home/user/Documents/wrk/UNIC/myCOMP-541_handson/recs\u0007"]
[0.031131, "o", "[user@work recs]$ "]
[1.460543, "o", "e"]
[1.65461, "o", "v"]
[2.682421, "o", "m"]
[3.047619, "o", " "]
[3.361094, "o", "-"]
[3.532522, "o", "-"]
[3.63482, "o", "v"]
[3.694087, "o", "e"]
[3.834678, "o", "r"]
[4.009754, "o", "s"]
[4.129177, "o", "i"]
[4.192782, "o", "o"]
[4.278295, "o", "n"]
[4.638384, "o", "\r\n"]
[4.665116, "o", "evm version 1.8.12-stable-37685930\r\n"]
[4.668837, "o", "\u001b]777;notify;Command completed;evm --version\u0007\u001b]0;user@work:~/Documents/wrk/UNIC/myCOMP-541_handson/recs\u0007\u001b]7;file://work/home/user/Documents/wrk/UNIC/myCOMP-541_handson/recs\u0007"]
[4.668959, "o", "[user@work recs]$ "]
[8.177727, "o", "v"]
[8.303344, "o", "i"]
[8.374523, "o", "m"]
[8.886172, "o", " "]
[9.064817, "o", "e"]
[9.241117, "o", "v"]
[9.378588, "o", "m"]
[9.746778, "o", "_"]
[10.092622, "o", "s"]
[10.318675, "o", "a"]
[11.07202, "o", "m"]
[11.247651, "o", "p"]
[11.432128, "o", "l"]
[11.492144, "o", "e"]
[12.759235, "o", "."]
[14.63701, "o", "a"]
[14.821841, "o", "s"]
[14.970356, "o", "m"]
[15.516125, "o", "\r\n"]
[15.532443, "o", "\u001b[?2004h\u001b[?1049h\u001b[22;0;0t\u001b[?1h\u001b=\u001b[?2004h\u001b[1;35r\u001b[?12h\u001b[?12l\u001b[22;2t\u001b[22;1t"]
[15.533126, "o", "\u001b[27m\u001b[23m\u001b[29m\u001b[m\u001b[H\u001b[2J\u001b[?25l\u001b[35;1H\"evm_sample.asm\" [New File]"]
[15.534807, "o", "\u001b[2;1H▽\u001b[6n\u001b[2;1H  \u001b[1;1H\u001b[>c\u001b]10;?\u0007\u001b]11;?\u0007"]
[15.535079, "o", "\u001b[2;1H\u001b[94m~                                                                                                                                 \u001b[3;1H~                                                                                                                                 \u001b[4;1H~                                                                                                                                 \u001b[5;1H~                                                                                                                                 \u001b[6;1H~                                                                                                                                 \u001b[7;1H~                                                                                                                                 \u001b[8;1H~                                                                                                                                 \u001b[9;1H~                                                            "]
[15.535103, "o", "                                                                     \u001b[10;1H~                                                                                                                                 \u001b[11;1H~                                                                                                                                 \u001b[12;1H~                                                                                                                                 \u001b[13;1H~                                                                                                                                 \u001b[14;1H~                                                                                                                                 \u001b[15;1H~                                                                                                                                 \u001b[16;1H~                                                                                                                             "]
[15.535129, "o", "    \u001b[17;1H~                                                                                                                                 \u001b[18;1H~                                                                                                                                 \u001b[19;1H~                                                                                                                                 \u001b[20;1H~                                                                                                                                 \u001b[21;1H~                                                                                                                                 \u001b[22;1H~                                                                                                                                 \u001b[23;1H~                                                                                                                                 \u001b[24;1H~                                                     "]
[15.535138, "o", "                                                                            \u001b[25;1H~                                                                                                                                 \u001b[26;1H~                                                                                                                                 \u001b[27;1H~                                                                                                                                 \u001b[28;1H~                                                                                                                                 \u001b[29;1H~                                                                                                                                 \u001b[30;1H~                                                                                                                                 \u001b[31;1H~                                                                                                                      "]
[15.535154, "o", "           \u001b[32;1H~                                                                                                                                 \u001b[33;1H~                                                                                                                                 \u001b[34;1H~                                                                                                                                 \u001b[m\u001b[35;113H0,0-1\u001b[9CAll\u001b[1;1H\u001b[?25h"]
[15.542669, "o", "\u001bP+q436f\u001b\\\u001bP+q6b75\u001b\\\u001bP+q6b64\u001b\\\u001bP+q6b72\u001b\\\u001bP+q6b6c\u001b\\\u001bP+q2332\u001b\\\u001bP+q2334\u001b\\\u001bP+q2569\u001b\\\u001bP+q2a37\u001b\\\u001bP+q6b31\u001b\\"]
