{"version": 2, "width": 120, "height": 35, "timestamp": 1530722130, "env": {"SHELL": "/bin/bash", "TERM": "xterm-256color"}}
[0.028354, "o", "\u001b]777;notify;Command completed;sha256sum\u0007\u001b]0;user@work:~/Progs\u0007\u001b]7;file://work/home/user/Progs\u0007"]
[0.028944, "o", "[user@work Progs]$ "]
[2.200079, "o", "s"]
[2.405186, "o", "h"]
[2.497592, "o", "a"]
[3.31106, "o", "2"]
[3.491312, "o", "5"]
[3.694974, "o", "6"]
[4.01593, "o", "s"]
[4.173609, "o", "u"]
[4.413569, "o", "m"]
[5.702205, "o", "\r\n"]
[6.73487, "o", "B"]
[7.078611, "o", "i"]
[7.194418, "o", "t"]
[7.47941, "o", "c"]
[7.625707, "o", "o"]
[7.693829, "o", "i"]
[7.795083, "o", "n"]
[9.083605, "o", "b4056df6691f8dc72e56302ddad345d65fead3ead9299609a826e2344eb63aa4  -\r\n"]
[9.093569, "o", "\u001b]777;notify;Command completed;sha256sum\u0007\u001b]0;user@work:~/Progs\u0007\u001b]7;file://work/home/user/Progs\u0007[user@work Progs]$ "]
[13.541661, "o", "s"]
[13.6737, "o", "h"]
[13.79286, "o", "a"]
[14.619994, "o", "\u0007"]
[14.912598, "o", "\r\n"]
[14.912919, "o", "sha1sum    sha224sum  sha256sum  sha384sum  sha512sum  shade-jar  sharesec   shasum     "]
[14.913096, "o", "\r\n"]
[14.913249, "o", "[user@work Progs]$ sha"]
[21.277792, "o", "\b\u001b[K"]
[21.532794, "o", "\b\u001b[K"]
[21.701672, "o", "\b\u001b[K"]
[21.884351, "o", "\u0007"]
[25.711377, "o", "."]
[25.80615, "o", "/"]
[26.672226, "o", "b"]
[26.764444, "o", "x"]
[27.059488, "o", "-linux-x64-qrcode "]
[28.907713, "o", "s"]
[29.024738, "o", "h"]
[29.150874, "o", "a"]
[29.936959, "o", "2"]
[30.079257, "o", "5"]
[30.241089, "o", "6"]
[30.754407, "o", " "]
[31.531893, "o", "-"]
[31.697409, "o", "-"]
[32.343183, "o", "h"]
[32.481511, "o", "e"]
[32.569205, "o", "l"]
[32.797189, "o", "p"]
[33.513345, "o", "\r\n"]
[33.51517, "o", "\r\nUsage: bx sha256 [-h] [--config value] [BASE16]                          \r\n\r\nInfo: Perform a SHA256 hash of Base16 data.                              \r\n\r\nOptions (named):\r\n\r\n-c [--config]        The path to the configuration settings file.        \r\n-h [--help]          Get a description and instructions for this command.\r\n\r\nArguments (positional):\r\n\r\nBASE16               The Base16 data to hash. If not specified the value \r\n                     is read from STDIN.                                 \r\n"]
[33.518625, "o", "\u001b]777;notify;Command completed;./bx-linux-x64-qrcode sha256 --help\u0007\u001b]0;user@work:~/Progs\u0007\u001b]7;file://work/home/user/Progs\u0007"]
[33.51896, "o", "[user@work Progs]$ "]
[36.899399, "o", "./bx-linux-x64-qrcode sha256 --help"]
[37.998443, "o", "\b\u001b[K"]
[38.260298, "o", "\b\u001b[K"]
[38.759813, "o", "\b\u001b[K"]
[38.810921, "o", "\b\u001b[K"]
[38.861804, "o", "\b\u001b[K"]
[38.914137, "o", "\b\u001b[K"]
[38.965477, "o", "\b\u001b[K"]
[39.0137, "o", "\b\u001b[K"]
[39.063509, "o", "\b\u001b[K"]
[39.2768, "o", "\b\u001b[K"]
[39.427746, "o", "\b\u001b[K"]
[39.576376, "o", "\b\u001b[K"]
[39.781374, "o", "\b\u001b[K"]
[40.522234, "o", "b"]
[40.609639, "o", "a"]
[40.817113, "o", "s"]
[40.896678, "o", "e"]
[43.044168, "o", "1"]
[43.454499, "o", "6"]
[43.977667, "o", "-"]
[44.231985, "o", "e"]
[44.350508, "o", "n"]
[44.519019, "o", "c"]
[44.613915, "o", "o"]
[44.746694, "o", "d"]
[44.859804, "o", "e"]
[46.852897, "o", " "]
[47.266044, "o", "B"]
[47.656457, "o", "i"]
[47.746841, "o", "t"]
[48.028542, "o", "c"]
[48.247298, "o", "o"]
[48.319787, "o", "i"]
[48.450895, "o", "n"]
[50.264491, "o", "\r\n"]
[50.269771, "o", "426974636f696e\r\n"]
[50.273179, "o", "\u001b]777;notify;Command completed;./bx-linux-x64-qrcode base16-encode Bitcoin\u0007\u001b]0;user@work:~/Progs\u0007\u001b]7;file://work/home/user/Progs\u0007[user@work Progs]$ "]
[53.497467, "o", "."]
[53.595719, "o", "/"]
[54.25654, "o", "b"]
[54.423771, "o", "x-linux-x64-qrcode "]
[56.014075, "o", "s"]
[56.132431, "o", "h"]
[56.253627, "o", "a"]
[57.093565, "o", "2"]
[57.205735, "o", "5"]
[57.401822, "o", "6"]
[58.111323, "o", " "]
[64.108327, "o", "426974636f696e"]
[68.25202, "o", "\r\n"]
[68.261071, "o", "b4056df6691f8dc72e56302ddad345d65fead3ead9299609a826e2344eb63aa4\r\n"]
[68.273737, "o", "\u001b]777;notify;Command completed;./bx-linux-x64-qrcode sha256 426974636f696e\u0007\u001b]0;user@work:~/Progs\u0007\u001b]7;file://work/home/user/Progs\u0007"]
[68.273994, "o", "[user@work Progs]$ "]
[77.501198, "o", "exit\r\n"]
